"","animal.ID","age.years","age.class","Sex","BCS.Average","elevation","CAA.Estimate","Result","x.east","y.south"
"1",1,4.5,"Subadult","Female",4,336.864440917969,35,"positive",361463.468576904,7212550.58209549
"2",2,1,"Calf","Male",3.75,336.864440917969,162,"positive",361463.468576904,7212550.58209549
"3",3,1,"Calf","Male",4,336.864440917969,559,"positive",361463.468576904,7212550.58209549
"4",4,1,"Subadult","Male",3.5,336.864440917969,157,"positive",361463.468576904,7212550.58209549
"5",5,4.5,"Subadult","Female",4,350.6064453125,104,"positive",363314.335128468,7214491.09967747
"6",6,1,"Subadult","Female",4,350.6064453125,17,"negative",363314.335128468,7214491.09967747
"7",7,2.5,"Subadult","Female",4.5,350.6064453125,3430,"positive",363314.335128468,7214491.09967747
"8",8,2,"Subadult","Female",4,350.6064453125,7,"negative",363314.335128468,7214491.09967747
"9",9,9.8,"Adult","Female",3,350.6064453125,115,"positive",363377.321059155,7214441.89098062
"10",10,10.5,"Adult","Female",4,350.6064453125,1,"negative",363377.321059155,7214441.89098062
"11",11,1.5,"Subadult","Male",3.5,350.6064453125,28,"negative",363377.321059155,7214441.89098062
"12",12,1.5,"Subadult","Male",4.5,350.6064453125,9396,"positive",363377.321059155,7214441.89098062
"13",13,1.5,"Subadult","Female",4.25,350.6064453125,2644,"positive",363377.321059155,7214441.89098062
"14",14,1.5,"Subadult","Female",3.25,350.6064453125,124,"positive",363377.321059155,7214441.89098062
"15",15,13.1,"Adult","Female",4,349.188201904297,NA,"negative",367346.695327113,7214722.73898574
"16",16,9.6,"Oldadult","Female",4.25,349.188201904297,13,"negative",367346.695327113,7214722.73898574
"17",17,1.5,"Subadult","Male",4,349.188201904297,102,"positive",367346.695327113,7214722.73898574
"18",18,1.5,"Subadult","Female",4.25,349.188201904297,NA,"negative",367346.695327113,7214722.73898574
"19",19,2.5,"Subadult","Male",4.25,349.188201904297,1,"negative",367346.695327113,7214722.73898574
"20",20,2,"Subadult","Female",4.5,349.188201904297,19,"negative",367346.695327113,7214722.73898574
"21",21,2,"Subadult","Male",4,349.188201904297,26,"negative",367346.695327113,7214722.73898574
"22",22,1.5,"Subadult","Male",4.5,349.188201904297,NA,"negative",367346.695327113,7214722.73898574
"23",23,4.5,"Subadult","Female",4,207.486389160156,NA,"negative",390240.943447141,7214251.65553718
"24",24,5.5,"Subadult","Female",4,207.486389160156,31,"positive",390240.943447141,7214251.65553718
"25",25,10.2,"Adult","Female",4.75,207.486389160156,3,"negative",390240.943447141,7214251.65553718
"26",26,1,"Calf","Female",3.5,207.486389160156,NA,"negative",390240.943447141,7214251.65553718
"27",27,1.25,"Subadult","Female",3.75,207.486389160156,NA,"negative",390240.943447141,7214251.65553718
"28",28,2,"Subadult","Female",3.75,207.486389160156,636,"positive",390240.943447141,7214251.65553718
"29",29,2,"Subadult","Male",3.5,207.486389160156,1,"negative",390240.943447141,7214251.65553718
"30",30,1.5,"Subadult","Female",4.25,207.486389160156,153,"positive",390240.943447141,7214251.65553718
"31",31,1.25,"Subadult","Male",3.75,207.486389160156,69,"positive",390240.943447141,7214251.65553718
"32",32,3.5,"Subadult","Female",4.5,206.799255371094,230,"positive",394726.567965415,7209832.83639441
"33",34,8.2,"Adult","Female",4.25,206.799255371094,17533,"positive",394726.567965415,7209832.83639441
"34",35,2,"Subadult","Female",4.25,206.799255371094,6,"negative",394726.567965415,7209832.83639441
"35",36,1,"Calf","Male",3.25,206.799255371094,11,"negative",394726.567965415,7209832.83639441
"36",37,1.25,"Subadult","Male",3.5,206.799255371094,1730,"positive",394726.567965415,7209832.83639441
"37",38,1.5,"Subadult","Male",3.75,206.799255371094,24,"negative",394726.567965415,7209832.83639441
"38",39,1.25,"Subadult","Female",4.25,206.799255371094,2,"negative",394726.567965415,7209832.83639441
"39",40,2,"Subadult","Male",3.75,206.799255371094,4,"negative",394726.567965415,7209832.83639441
"40",41,3.5,"Subadult","Female",4.25,244.507553100586,0,"negative",386059.323707799,7234912.21423284
"41",42,3,"Subadult","Female",4.25,244.507553100586,3,"negative",386059.323707799,7234912.21423284
"42",43,8,"Adult","Female",4.25,244.507553100586,59,"positive",386059.323707799,7234912.21423284
"43",44,4.5,"Adult","Female",4,244.507553100586,6,"negative",386059.323707799,7234912.21423284
"44",45,1,"Calf","Female",4,244.507553100586,2,"negative",386080.342727601,7234933.4317904
"45",46,1.25,"Calf","Male",3.5,244.507553100586,25,"negative",386080.342727601,7234933.4317904
"46",47,1,"Calf","Female",4.25,244.507553100586,12,"negative",386080.342727601,7234933.4317904
"47",48,1.5,"Subadult","Female",4.75,244.507553100586,2,"negative",386080.342727601,7234933.4317904
"48",49,2.5,"Subadult","Female",4.25,280.645782470703,7,"negative",386106.120285265,7240087.94011407
"49",50,1.5,"Calf","Female",4,280.645782470703,4,"negative",386106.120285265,7240087.94011407
"50",51,1,"Calf","Female",4.25,280.645782470703,30,"negative",386106.120285265,7240087.94011407
"51",52,1.5,"Subadult","Male",4.25,280.645782470703,11,"negative",386106.120285265,7240087.94011407
"52",53,1,"Subadult","Male",3.75,280.645782470703,630,"positive",386106.120285265,7240087.94011407
"53",54,8.2,"Adult","Female",4.25,280.645782470703,92,"positive",386183.423834946,7240627.93133264
"54",55,11.1,"Adult","Female",4,280.645782470703,285,"positive",386183.423834946,7240627.93133264
"55",56,4.5,"Adult","Female",4.25,280.645782470703,135,"positive",386183.423834946,7240627.93133264
"56",57,1,"Calf","Female",4,280.645782470703,16570,"positive",386183.423834946,7240627.93133264
"57",58,1,"Subadult","Female",4,280.645782470703,NA,"negative",386183.423834946,7240627.93133264
"58",59,14,"Adult","Female",4.25,279.480010986328,23,"negative",391135.110695069,7242794.48268769
"59",60,5.5,"Adult","Female",3.5,279.480010986328,18,"negative",391135.110695069,7242794.48268769
"60",61,13.5,"Adult","Female",4.25,279.480010986328,3,"negative",391135.110695069,7242794.48268769
"61",62,1.5,"Subadult","Female",3.75,279.480010986328,1,"negative",391135.110695069,7242794.48268769
"62",64,7.8,"Adult","Female",4.75,210.117172241211,14,"negative",389980.553246595,7226988.0851387
"63",65,4.5,"Subadult","Female",4.25,210.117172241211,NA,"negative",389980.553246595,7226988.0851387
"64",66,7.2,"Adult","Female",4.75,210.117172241211,15,"negative",389980.553246595,7226988.0851387
"65",67,13.9,"Adult","Female",3.5,210.117172241211,7,"negative",389980.553246595,7226988.0851387
"66",68,5.7,"Adult","Female",4.5,213.746109008789,9,"negative",388768.388316682,7227171.8430419
"67",69,4.5,"Adult","Female",4.25,213.746109008789,25,"negative",388768.388316682,7227171.8430419
"68",71,1.25,"Subadult","Male",3.5,213.746109008789,1,"negative",388768.388316682,7227171.8430419
"69",73,1.25,"Subadult","Male",3.25,213.746109008789,NA,"negative",388768.388316682,7227171.8430419
"70",74,2,"Subadult","Female",3.75,309.794799804688,1,"negative",388894.457172402,7247381.41654379
"71",75,1,"Calf","Male",4.25,309.794799804688,9,"negative",388894.457172402,7247381.41654379
"72",76,1,"Calf","Male",3.75,309.794799804688,12,"negative",388894.457172402,7247381.41654379
"73",77,1.5,"Subadult","Male",4,309.794799804688,NA,"negative",388894.457172402,7247381.41654379
"74",78,1,"Calf","Female",3.75,309.794799804688,NA,"negative",388894.457172402,7247381.41654379
"75",79,8.5,"Adult","Female",3.5,313.408020019531,NA,"negative",388593.432630139,7249012.83699549
"76",80,5.9,"Adult","Female",4.25,313.408020019531,22,"negative",388593.432630139,7249012.83699549
"77",81,9.9,"Adult","Female",4.75,313.408020019531,53,"positive",388593.432630139,7249012.83699549
"78",82,12.6,"Adult","Female",4.5,313.408020019531,33,"positive",388593.432630139,7249012.83699549
"79",83,1.5,"Subadult","Male",3.75,468.659149169922,5,"negative",326048.744609758,7229286.85673643
"80",84,1.25,"Subadult","Female",4.5,468.659149169922,2,"negative",326048.744609758,7229286.85673643
"81",85,2,"Subadult","Male",4,468.659149169922,26,"negative",326048.744609758,7229286.85673643
"82",86,2.5,"Subadult","Female",4.5,468.659149169922,1372,"positive",326048.744609758,7229286.85673643
"83",87,1.5,"Subadult","Female",4.25,468.659149169922,NA,"negative",326048.744609758,7229286.85673643
"84",88,2,"Subadult","Female",4.25,468.659149169922,NA,"negative",326048.744609758,7229286.85673643
"85",89,1.25,"Subadult","Male",3.25,502.094390869141,18,"negative",324623.035651314,7226985.42789969
"86",90,1,"Calf","Female",3,502.094390869141,2,"negative",324623.035651314,7226985.42789969
"87",91,1.5,"Subadult","Male",3.5,502.094390869141,NA,"negative",324623.035651314,7226985.42789969
"88",92,1,"Calf","Male",3.75,502.094390869141,66,"positive",324623.035651314,7226985.42789969
"89",93,1,"Calf","Male",4.25,544.506591796875,224,"positive",321452.97678196,7222565.04762702
"90",94,4,"Subadult","Female",4,544.506591796875,38,"positive",321452.97678196,7222565.04762702
"91",95,1.25,"Subadult","Male",4.25,544.506591796875,71,"positive",321452.97678196,7222565.04762702
"92",96,1,"Calf","Male",3.75,544.506591796875,NA,"negative",321452.97678196,7222565.04762702
"93",97,1,"Calf","Female",4.25,544.506591796875,NA,"negative",321452.97678196,7222565.04762702
"94",98,0.67,"Calf","Female",4.25,544.506591796875,NA,"negative",321452.97678196,7222565.04762702
"95",99,1,"Calf","Female",4,544.506591796875,856,"positive",321406.553444367,7222566.65438494
"96",100,2,"Subadult","Male",4,330.71240234375,67,"positive",355000.710880239,7215737.31675433
"97",101,15,"Adult","Female",4.5,330.71240234375,13,"negative",355000.710880239,7215737.31675433
"98",102,7.6,"Adult","Female",4.25,330.71240234375,317,"positive",355000.710880239,7215737.31675433
"99",103,2,"Subadult","Male",3.5,330.71240234375,92,"positive",355000.710880239,7215737.31675433
"100",104,1,"Calf","Female",4.25,330.71240234375,122,"positive",355000.710880239,7215737.31675433
"101",105,2.5,"Subadult","Female",4.25,330.71240234375,840,"positive",355000.710880239,7215737.31675433
"102",106,16.9,"Oldadult","Female",3,330.71240234375,139,"positive",355000.710880239,7215737.31675433
"103",107,1.75,"Subadult","Male",4.25,330.71240234375,11612,"positive",355000.710880239,7215737.31675433
"104",108,1,"Calf","Male",3.5,330.71240234375,20,"negative",355000.710880239,7215737.31675433
"105",109,2,"Subadult","Female",4.25,330.71240234375,516,"positive",355000.710880239,7215737.31675433
"106",110,2.5,"Subadult","Female",3.75,330.71240234375,14,"negative",355000.710880239,7215737.31675433
"107",111,1.5,"Subadult","Female",4,330.71240234375,45,"positive",355000.710880239,7215737.31675433
"108",112,2,"Subadult","Female",3.25,370.539123535156,NA,"negative",341620.716733931,7228717.6106346
"109",113,1.5,"Subadult","Male",4.75,370.539123535156,NA,"negative",341620.716733931,7228717.6106346
"110",114,1.5,"Subadult","Female",4.75,370.539123535156,85,"positive",341620.716733931,7228717.6106346
"111",115,1.25,"Calf","Male",4.25,370.539123535156,4819,"positive",341620.716733931,7228717.6106346
"112",116,1.25,"Subadult","Female",4.5,370.539123535156,31,"positive",341620.716733931,7228717.6106346
"113",117,1,"Calf","Male",3.75,370.539123535156,NA,"negative",341620.716733931,7228717.6106346
"114",118,2.25,"Subadult","Female",4.25,370.539123535156,11,"negative",341620.716733931,7228717.6106346
"115",119,1,"Calf","Male",4,370.539123535156,16,"negative",341620.716733931,7228717.6106346
"116",120,1,"Calf","Male",4.5,361.445983886719,223,"positive",365807.601052234,7213603.31451408
"117",121,0.66,"Calf","Female",4.25,361.445983886719,5458,"positive",365807.601052234,7213603.31451408
"118",122,3.5,"Subadult","Female",4.75,237.336395263672,8,"negative",390027.532488754,7205786.25258633
"119",123,1.25,"Subadult","Male",3.75,237.336395263672,NA,"negative",390027.532488754,7205786.25258633
"120",124,0.83,"Calf","Male",3.75,237.336395263672,NA,"negative",390027.532488754,7205786.25258633
"121",125,1,"Calf","Female",3.25,237.336395263672,40,"positive",390027.532488754,7205786.25258633
"122",126,9.5,"Adult","Male",5,237.336395263672,NA,"negative",390027.532488754,7205786.25258633
"123",127,1.25,"Subadult","Female",4,237.336395263672,32,"positive",390027.532488754,7205786.25258633
"124",128,1.25,"Subadult","Male",3.25,237.336395263672,14,"negative",390027.532488754,7205786.25258633
"125",129,1.75,"Subadult","Male",3.5,237.336395263672,3,"negative",390564.074791514,7205570.20906323
"126",130,1.25,"Subadult","Female",4,237.336395263672,98,"positive",390564.074791514,7205570.20906323
"127",131,1.25,"Subadult","Female",3.75,237.336395263672,NA,"negative",390564.074791514,7205570.20906323
"128",132,1,"Calf","Male",4,237.336395263672,20,"negative",390564.074791514,7205570.20906323
"129",133,0.83,"Calf","Female",2.75,237.336395263672,2,"negative",390564.074791514,7205570.20906323
"130",134,2.5,"Subadult","Female",4.5,238.716064453125,24,"negative",389504.653602878,7208519.79520637
"131",135,8.9,"Adult","Female",4.25,238.716064453125,NA,"negative",389504.653602878,7208519.79520637
"132",136,1,"Calf","Female",4,238.716064453125,4,"negative",389504.653602878,7208519.79520637
"133",137,1,"Calf","Female",3.25,238.716064453125,10,"negative",389504.653602878,7208519.79520637
"134",138,1,"Calf","Male",3.5,238.716064453125,6,"negative",389504.653602878,7208519.79520637
"135",139,1,"Calf","Male",3,238.716064453125,6,"negative",389504.653602878,7208519.79520637
"136",140,3.5,"Adult","Female",4.5,238.716064453125,NA,"negative",389504.653602878,7208519.79520637
"137",141,7.8,"Adult","Female",4.5,244.507553100586,9,"negative",385961.555812152,7234895.89463012
"138",142,8.2,"Adult","Female",4.25,244.507553100586,8,"negative",385961.555812152,7234895.89463012
"139",143,5.9,"Adult","Female",4.5,244.507553100586,4,"negative",385961.555812152,7234895.89463012
"140",144,2,"Subadult","Male",4,244.507553100586,NA,"negative",385961.555812152,7234895.89463012
"141",145,1.25,"Subadult","Female",4,244.507553100586,NA,"negative",385961.555812152,7234895.89463012
"142",146,5.9,"Adult","Female",4.5,244.507553100586,1,"negative",385928.01702347,7234802.58487002
"143",147,9.3,"Adult","Female",4.5,244.507553100586,NA,"negative",385928.01702347,7234802.58487002
"144",149,8.5,"Adult","Female",4.25,244.507553100586,NA,"negative",385928.01702347,7234802.58487002
"145",150,2.5,"Subadult","Male",4,244.507553100586,3,"negative",385928.01702347,7234802.58487002
"146",151,1,"Calf","Male",4,244.507553100586,71,"positive",385928.01702347,7234802.58487002
"147",152,1,"Calf","Female",4.25,244.507553100586,NA,"negative",385928.01702347,7234802.58487002
"148",153,10.2,"Adult","Female",4.75,244.507553100586,NA,"negative",385928.01702347,7234802.58487002
"149",154,1.5,"Subadult","Female",4.25,285.366760253906,100,"positive",382321.315337934,7254184.34049273
"150",155,1.25,"Subadult","Male",4,285.366760253906,NA,"negative",382321.315337934,7254184.34049273
"151",156,1.25,"Subadult","Male",3.5,285.366760253906,13,"negative",382321.315337934,7254184.34049273
"152",157,1,"Calf","Male",3.5,285.366760253906,12,"negative",382321.315337934,7254184.34049273
"153",158,7.1,"Adult","Female",4.75,176.824569702148,56,"positive",392109.142385783,7198121.23572613
"154",159,20,"Oldadult","Female",4,176.824569702148,32,"positive",392109.142385783,7198121.23572613
"155",160,2.5,"Subadult","Female",4.5,176.824569702148,19,"negative",392109.142385783,7198121.23572613
"156",161,2.5,"Subadult","Female",4.5,176.824569702148,9,"negative",392109.142385783,7198121.23572613
"157",162,0.83,"Calf","Female",4.25,176.824569702148,13,"negative",392109.142385783,7198121.23572613
"158",163,1.75,"Subadult","Female",4.5,176.824569702148,NA,"negative",392109.142385783,7198121.23572613
"159",164,4,"Subadult","Female",4.25,206.551086425781,NA,"negative",395340.415633803,7202634.36839786
"160",165,5.3,"Adult","Female",4.75,206.551086425781,10,"negative",395340.415633803,7202634.36839786
"161",166,9.5,"Adult","Female",5,206.551086425781,34,"positive",395340.415633803,7202634.36839786
"162",167,1.25,"Subadult","Male",4.25,206.551086425781,NA,"negative",395340.415633803,7202634.36839786
"163",168,1.25,"Subadult","Male",4.75,206.551086425781,NA,"negative",395340.415633803,7202634.36839786
"164",169,1,"Calf","Female",4,206.551086425781,211,"positive",395340.415633803,7202634.36839786
"165",170,7.5,"Adult","Female",4.25,217.214599609375,NA,"negative",396359.989966662,7202293.36804992
"166",171,8.7,"Adult","Female",4.75,217.214599609375,3,"negative",396359.989966662,7202293.36804992
"167",172,1.5,"Subadult","Male",3.75,217.214599609375,15,"negative",396359.989966662,7202293.36804992
"168",173,1.75,"Subadult","Female",3.5,217.214599609375,NA,"negative",396359.989966662,7202293.36804992
"169",174,11.6,"Adult","Female",4.25,380.880218505859,NA,"negative",359868.752946442,7297887.91242617
"170",175,4.5,"Adult","Female",5,380.880218505859,4,"negative",359868.752946442,7297887.91242617
"171",176,1.5,"Subadult","Male",4.25,380.880218505859,NA,"negative",359868.752946442,7297887.91242617
"172",177,1,"Subadult","Male",4,380.880218505859,8,"negative",359868.752946442,7297887.91242617
"173",178,1,"Calf","Male",4.25,380.880218505859,NA,"negative",359868.752946442,7297887.91242617
"174",179,4.5,"Calf","Female",4.25,397.759368896484,NA,"negative",359083.353969005,7300672.12828461
"175",180,1.5,"Adult","Female",3.75,380.880218505859,NA,"negative",359868.752946442,7297887.91242617
"176",181,1.25,"Subadult","Female",4.25,397.759368896484,NA,"negative",359083.353969005,7300672.12828461
"177",182,1,"Calf","Female",4,397.759368896484,23,"negative",359083.353969005,7300672.12828461
"178",183,1.25,"Subadult","Male",3.75,397.759368896484,786,"positive",359083.353969005,7300672.12828461
"179",185,9.7,"Adult","Female",4.5,352.416046142578,NA,"negative",361375.379941575,7282863.73900907
"180",186,4.5,"Adult","Female",4.25,352.416046142578,1,"negative",361375.379941575,7282863.73900907
"181",187,2.5,"Subadult","Female",4.25,352.416046142578,38,"positive",361375.379941575,7282863.73900907
"182",188,1.5,"Subadult","Female",4.5,352.416046142578,116,"positive",361375.379941575,7282863.73900907
"183",189,1,"Calf","Female",4,352.416046142578,NA,"negative",361375.379941575,7282863.73900907
"184",190,1,"Calf","Female",4.25,352.416046142578,37,"positive",361375.379941575,7282863.73900907
"185",191,6,"Adult","Female",3.75,352.416046142578,NA,"negative",361205.212133364,7282965.04887043
"186",192,1,"Calf","Female",3.75,352.416046142578,NA,"negative",361205.212133364,7282965.04887043
"187",193,1,"Calf","Female",4,352.416046142578,NA,"negative",361205.212133364,7282965.04887043
"188",194,1.25,"Subadult","Female",4.25,352.416046142578,0,"negative",361205.212133364,7282965.04887043
"189",195,1.25,"Subadult","Female",4.25,352.416046142578,NA,"negative",361205.212133364,7282965.04887043
"190",196,5.5,"Adult","Female",4.25,286.351379394531,57,"positive",381875.224342237,7267721.70525478
"191",197,6.3,"Adult","Female",4,286.351379394531,14,"negative",381875.224342237,7267721.70525478
"192",198,7.7,"Adult","Female",4.5,286.351379394531,19,"negative",381875.224342237,7267721.70525478
"193",199,1.75,"Subadult","Male",4.25,286.351379394531,7,"negative",381875.224342237,7267721.70525478
"194",200,1.75,"Subadult","Male",4.25,286.351379394531,625,"positive",381875.224342237,7267721.70525478
"195",201,1,"Calf","Male",3.75,286.351379394531,NA,"negative",381875.224342237,7267721.70525478
"196",202,1.25,"Subadult","Female",4.25,286.351379394531,NA,"negative",381875.224342237,7267721.70525478
"197",203,1.5,"Subadult","Male",4,286.351379394531,12,"negative",381875.224342237,7267721.70525478
"198",204,1.5,"Subadult","Female",4,286.351379394531,112,"positive",381875.224342237,7267721.70525478
"199",205,1.25,"Subadult","Male",4.25,286.351379394531,NA,"negative",381875.224342237,7267721.70525478
"200",206,1,"Calf","Female",4.25,286.351379394531,NA,"negative",381875.224342237,7267721.70525478
"201",207,7.4,"Adult","Female",3.5,237.573989868164,NA,"negative",381366.947841794,7310189.78571136
"202",208,7.3,"Adult","Female",4,237.573989868164,NA,"negative",381366.947841794,7310189.78571136
"203",209,12.1,"Adult","Female",4.5,237.573989868164,66,"positive",381366.947841794,7310189.78571136
"204",210,1.25,"Subadult","Male",4.25,237.573989868164,1084,"positive",381366.947841794,7310189.78571136
"205",211,1.5,"Subadult","Female",4.25,237.573989868164,NA,"positive",381366.947841794,7310189.78571136
"206",212,1,"Calf","Male",3.75,237.573989868164,4,"negative",381366.947841794,7310189.78571136
"207",213,2,"Subadult","Female",4,237.573989868164,9,"negative",381366.947841794,7310189.78571136
"208",214,6.2,"Adult","Female",4.75,286.152069091797,180,"positive",376543.151047185,7306238.94136354
"209",215,3.5,"Adult","Female",4.25,286.152069091797,16,"negative",376543.151047185,7306238.94136354
"210",216,2,"Subadult","Female",4.5,286.152069091797,NA,"negative",376543.151047185,7306238.94136354
"211",217,4.5,"Adult","Female",4,256.568634033203,11,"negative",379246.253850378,7307726.27311176
"212",218,7,"Adult","Female",4.75,256.568634033203,NA,"negative",379246.253850378,7307726.27311176
"213",219,1,"Calf","Female",4.25,256.568634033203,3841,"positive",379246.253850378,7307726.27311176
"214",220,1.25,"Subadult","Male",3.75,256.568634033203,98,"positive",379246.253850378,7307726.27311176
"215",221,1.5,"Subadult","Female",3.75,256.568634033203,13,"negative",379246.253850378,7307726.27311176
"216",222,8.9,"Adult","Female",4.5,256.568634033203,NA,"negative",379246.253850378,7307726.27311176
"217",223,12.2,"Adult","Female",3.75,256.568634033203,11,"negative",379246.253850378,7307726.27311176
"218",224,3.5,"Subadult","Female",5,256.568634033203,NA,"negative",379246.253850378,7307726.27311176
"219",225,1,"Calf","Male",3.75,256.568634033203,25,"negative",379246.253850378,7307726.27311176
"220",226,1,"Calf","Female",3.5,256.568634033203,NA,"negative",379246.253850378,7307726.27311176
"221",227,1,"Calf","Female",4,256.568634033203,30,"negative",379246.253850378,7307726.27311176
"222",228,1.25,"Subadult","Female",4.5,256.568634033203,NA,"negative",379246.253850378,7307726.27311176
"223",229,4.5,"Adult","Female",4.75,248.857391357422,NA,"negative",361424.400542204,7329294.33538819
"224",230,9,"Adult","Female",4.5,248.857391357422,21,"negative",361424.400542204,7329294.33538819
"225",231,1.5,"Subadult","Male",3.5,248.857391357422,41,"positive",361424.400542204,7329294.33538819
"226",232,1.5,"Subadult","Male",4.25,248.857391357422,166,"positive",361424.400542204,7329294.33538819
"227",233,1.25,"Subadult","Male",4.25,248.857391357422,265,"positive",361424.400542204,7329294.33538819
"228",234,1.25,"Subadult","Male",3.5,248.857391357422,28,"negative",361424.400542204,7329294.33538819
"229",235,7.2,"Adult","Female",4.75,248.857391357422,19,"negative",361425.022111159,7329293.12321846
"230",236,1.25,"Calf","Female",4,248.857391357422,NA,"negative",361425.022111159,7329293.12321846
"231",237,1,"Calf","Female",4,248.857391357422,NA,"negative",361425.022111159,7329293.12321846
"232",238,2,"Subadult","Female",4.5,248.857391357422,9,"negative",361425.022111159,7329293.12321846
"233",239,1.25,"Subadult","Male",4.25,248.857391357422,18,"negative",361425.022111159,7329293.12321846
"234",240,3.5,"Subadult","Female",4.5,256.056884765625,6,"negative",361060.040235705,7326602.82151694
"235",241,11.9,"Adult","Female",4.25,256.056884765625,7,"negative",361060.040235705,7326602.82151694
"236",242,1.25,"Subadult","Male",4,256.056884765625,NA,"negative",361060.040235705,7326602.82151694
"237",243,1.25,"Subadult","Male",4.25,256.056884765625,NA,"negative",361060.040235705,7326602.82151694
"238",244,2,"Subadult","Female",4.5,256.056884765625,15,"negative",361060.040235705,7326602.82151694
"239",245,1.25,"Subadult","Female",3.5,256.056884765625,6,"negative",360922.755491806,7326925.97079994
"240",246,1.75,"Subadult","Male",4,256.056884765625,7,"negative",360922.755491806,7326925.97079994
"241",247,1.25,"Subadult","Male",3.5,256.056884765625,8,"negative",360922.755491806,7326925.97079994
"242",248,1.25,"Subadult","Male",3.25,256.056884765625,5,"negative",360922.755491806,7326925.97079994
"243",249,1,"Calf","Female",4,256.056884765625,NA,"negative",360922.755491806,7326925.97079994
"244",255,1.25,"Subadult","Female",4,258.039947509766,NA,"negative",377665.78049976,7312427.65122227
"245",256,1.5,"Subadult","Male",4,258.039947509766,18,"negative",377665.78049976,7312427.65122227
"246",257,2,"Subadult","Female",4.25,258.039947509766,22,"negative",377665.78049976,7312427.65122227
"247",258,5.5,"Adult","Female",4,258.039947509766,20,"negative",377665.78049976,7312427.65122227
"248",259,5.5,"Adult","Female",4.5,258.039947509766,117,"positive",377665.78049976,7312427.65122227
"249",260,1,"Calf","Female",4.25,258.039947509766,11,"negative",377665.78049976,7312427.65122227
"250",261,8.1,"Adult","Female",4.5,258.039947509766,NA,"negative",377665.78049976,7312427.65122227
"251",262,1.25,"Subadult","Male",4.25,258.039947509766,NA,"negative",377665.78049976,7312427.65122227
"252",263,3,"Adult","Female",4.75,255.068313598633,NA,"negative",377411.769933276,7312223.89749051
"253",264,8.777,"Adult","Female",4.75,255.068313598633,NA,"negative",377411.769933276,7312223.89749051
"254",265,4.5,"Adult","Female",4.5,255.068313598633,42,"positive",377411.769933276,7312223.89749051
"255",266,4.5,"Adult","Female",4.25,255.068313598633,74,"positive",377411.769933276,7312223.89749051
"256",267,1,"Subadult","Female",4.25,255.068313598633,19,"negative",377411.769933276,7312223.89749051
"257",268,10.4,"Adult","Female",4.5,255.068313598633,31,"positive",377411.769933276,7312223.89749051
"258",269,4.2,"Adult","Female",4,255.068313598633,NA,"negative",377411.769933276,7312223.89749051
"259",270,4.5,"Adult","Female",4.25,255.068313598633,15,"negative",377411.769933276,7312223.89749051
"260",271,1.25,"Subadult","Male",4,255.068313598633,25,"negative",377411.769933276,7312223.89749051
"261",272,1.25,"Subadult","Female",3.5,255.068313598633,36,"positive",377411.769933276,7312223.89749051
"262",273,6.9,"Adult","Female",4.5,255.068313598633,1,"negative",377411.769933276,7312223.89749051
"263",275,2,"Subadult","Male",4,313.099853515625,0,"negative",353910.201518288,7349024.43105189
"264",276,1.5,"Subadult","Male",4.25,313.099853515625,15,"negative",353910.201518288,7349024.43105189
"265",277,1.5,"Subadult","Male",4.25,313.099853515625,NA,"negative",353910.201518288,7349024.43105189
"266",278,1.75,"Subadult","Female",4.5,313.099853515625,NA,"negative",353910.201518288,7349024.43105189
"267",279,1.25,"Subadult","Male",4,313.099853515625,NA,"negative",353910.201518288,7349024.43105189
"268",280,1.75,"Subadult","Female",4,313.099853515625,NA,"negative",353910.201518288,7349024.43105189
"269",281,1.25,"Subadult","Male",4,313.099853515625,6,"negative",353859.154538543,7349140.19704391
"270",282,1.5,"Subadult","Male",4,313.099853515625,NA,"negative",353859.154538543,7349140.19704391
"271",283,1.5,"Subadult","Female",3.75,313.099853515625,NA,"negative",353859.154538543,7349140.19704391
"272",284,2,"Subadult","Female",4.25,313.099853515625,1,"negative",353859.154538543,7349140.19704391
"273",285,2,"Calf","Female",4,NA,0,"negative",366179.97527874,7379750.59989638
"274",286,1.5,"Subadult","Female",4,NA,NA,"negative",366179.97527874,7379750.59989638
"275",287,1.5,"Subadult","Female",3.5,NA,22,"negative",366179.97527874,7379750.59989638
"276",288,1.5,"Subadult","Male",3.5,NA,NA,"negative",366179.97527874,7379750.59989638
"277",289,1.25,"Subadult","Female",4.25,NA,NA,"negative",366179.97527874,7379750.59989638
"278",290,1.25,"Subadult","Male",3.75,262.902069091797,8,"negative",366462.467207335,7346822.23765751
"279",291,1.5,"Subadult","Female",4,262.902069091797,NA,"negative",366462.467207335,7346822.23765751
"280",292,1.25,"Subadult","Female",4.25,262.902069091797,NA,"negative",366462.467207335,7346822.23765751
"281",293,2.5,"Subadult","Female",4,262.902069091797,1,"negative",366462.467207335,7346822.23765751
"282",294,1,"Calf","Male",3.75,329.428741455078,NA,"negative",310315.383148078,7385772.87680914
"283",295,1.25,"Subadult","Female",4.25,329.428741455078,NA,"negative",310315.383148078,7385772.87680914
"284",296,1.25,"Subadult","Female",4.5,329.428741455078,0,"negative",310315.383148078,7385772.87680914
"285",297,2,"Subadult","Female",4.25,329.428741455078,NA,"negative",310315.383148078,7385772.87680914
"286",299,1,"Subadult","Female",3.75,329.428741455078,1,"negative",310315.383148078,7385772.87680914
"287",300,1,"Calf","Female",4,329.428741455078,NA,"negative",310315.383148078,7385772.87680914
"288",301,1.5,"Subadult","Male",4,329.428741455078,1,"negative",310315.383148078,7385772.87680914
"289",302,1.25,"Subadult","Male",4,329.428741455078,3,"negative",310315.383148078,7385772.87680914
"290",303,1.25,"Subadult","Female",3,329.428741455078,NA,"negative",310315.383148078,7385772.87680914
"291",304,2,"Subadult","Female",4,329.428741455078,6,"negative",310315.383148078,7385772.87680914
"292",305,1,"Subadult","Female",4,436.356872558594,10975,"positive",314838.908326374,7353849.39181429
"293",306,1.5,"Subadult","Female",4.5,436.356872558594,NA,"negative",314838.908326374,7353849.39181429
"294",307,1,"Subadult","Female",4.25,436.356872558594,NA,"negative",314838.908326374,7353849.39181429
"295",308,1.25,"Subadult","Male",4,436.356872558594,14,"negative",314838.908326374,7353849.39181429
"296",309,1.75,"Subadult","Female",5,436.356872558594,1,"negative",314838.908326374,7353849.39181429
"297",310,1,"Subadult","Male",4.25,436.356872558594,NA,"negative",314838.908326374,7353849.39181429
"298",311,1.25,"Subadult","Male",4.25,436.356872558594,NA,"negative",314838.908326374,7353849.39181429
"299",312,1.25,"Subadult","Female",4.5,436.356872558594,957,"positive",314838.908326374,7353849.39181429
"300",314,1.75,"Subadult","Male",4.75,436.356872558594,NA,"negative",314838.908326374,7353849.39181429
"301",315,1.25,"Subadult","Female",4.5,436.356872558594,NA,"negative",314838.908326374,7353849.39181429
"302",316,2,"Subadult","Male",4.5,331.013732910156,NA,"negative",339658.155259042,7360850.37614962
"303",317,1,"Subadult","Female",4,331.013732910156,NA,"negative",339658.155259042,7360850.37614962
"304",318,1.25,"Subadult","Female",4.25,331.013732910156,3,"negative",339658.155259042,7360850.37614962
"305",319,1,"Calf","Female",4.75,331.013732910156,0,"negative",339658.155259042,7360850.37614962
"306",320,1.25,"Subadult","Male",3.75,331.013732910156,NA,"negative",339658.155259042,7360850.37614962
"307",321,1.25,"Subadult","Female",3.5,331.013732910156,2,"negative",339658.155259042,7360850.37614962
"308",322,1.25,"Subadult","Female",4,331.013732910156,140,"positive",339658.155259042,7360850.37614962
"309",323,1.25,"Subadult","Female",4.25,331.013732910156,30,"negative",339658.155259042,7360850.37614962
"310",324,2.5,"Subadult","Female",4.5,331.013732910156,NA,"negative",339658.155259042,7360850.37614962
"311",325,1.5,"Adult","Male",4.5,331.013732910156,2,"negative",339658.155259042,7360850.37614962
"312",326,5,"Adult","Female",4.25,295.744506835938,2,"negative",352028.23301756,7379273.46485672
"313",327,11.91,"Subadult","Female",3.25,295.744506835938,NA,"negative",352028.23301756,7379273.46485672
"314",328,1.5,"Subadult","Female",4.5,295.744506835938,3,"negative",352028.23301756,7379273.46485672
"315",329,1.75,"Subadult","Male",4,295.744506835938,0,"negative",352028.23301756,7379273.46485672
"316",330,1,"Calf","Female",4.25,295.744506835938,0,"negative",352028.23301756,7379273.46485672
"317",331,1.25,"Subadult","Male",4.5,295.744506835938,NA,"negative",352028.23301756,7379273.46485672
"318",332,1.25,"Subadult","Male",4,295.744506835938,NA,"negative",352028.23301756,7379273.46485672
"319",333,20.27,"Adult","Female",4,295.744506835938,NA,"negative",352028.23301756,7379273.46485672
"320",334,1.25,"Subadult","Female",4,295.744506835938,1,"negative",352028.23301756,7379273.46485672
"321",335,1.5,"Subadult","Female",4.5,295.744506835938,NA,"negative",352028.23301756,7379273.46485672
"322",336,1.25,"Subadult","Male",3.5,295.744506835938,3,"negative",352028.23301756,7379273.46485672
"323",337,1.75,"Subadult","Male",3.75,295.744506835938,NA,"negative",352028.23301756,7379273.46485672
"324",338,1.5,"Subadult","Male",3.5,295.744506835938,12,"negative",352028.23301756,7379273.46485672
"325",339,7.52,"Adult","Female",4.25,312.922393798828,NA,"negative",344865.580055679,7394532.91024945
"326",340,6.09,"Adult","Female",4.25,312.922393798828,13,"negative",344865.580055679,7394532.91024945
"327",341,9.19,"Adult","Female",3.5,312.922393798828,1,"negative",344865.580055679,7394532.91024945
"328",342,1.5,"Subadult","Female",4.25,312.922393798828,NA,"negative",344865.580055679,7394532.91024945
"329",343,1.25,"Subadult","Female",4.25,312.922393798828,NA,"negative",344865.580055679,7394532.91024945
"330",344,1.25,"Subadult","Male",4.5,312.922393798828,39,"positive",344865.580055679,7394532.91024945
"331",345,1,"Calf","Female",4,312.922393798828,NA,"negative",344865.580055679,7394532.91024945
"332",346,1.25,"Subadult","Female",4.25,312.922393798828,NA,"negative",344865.580055679,7394532.91024945
"333",347,3.5,"Subadult","Female",4.5,312.922393798828,NA,"negative",344727.297390353,7393806.05215068
"334",348,11.81,"Adult","Female",4.5,312.922393798828,3,"negative",344727.297390353,7393806.05215068
"335",349,10.41,"Adult","Female",4.25,312.922393798828,1,"negative",344727.297390353,7393806.05215068
"336",350,4,"Subadult","Female",4.75,312.922393798828,2,"negative",344727.297390353,7393806.05215068
"337",351,2.5,"Subadult","Female",4.25,312.922393798828,10,"negative",344727.297390353,7393806.05215068
"338",352,2,"Subadult","Female",4.25,312.922393798828,0,"negative",344727.297390353,7393806.05215068
"339",353,9.46,"Adult","Female",4.75,312.922393798828,NA,"negative",344857.976870707,7394479.67124121
"340",354,6.65,"Adult","Female",5,312.922393798828,NA,"negative",344857.976870707,7394479.67124121
"341",355,8.86,"Adult","Female",4.75,312.922393798828,NA,"negative",344857.976870707,7394479.67124121
"342",356,9.79,"Adult","Female",5,312.922393798828,NA,"negative",344857.976870707,7394479.67124121
"343",357,1.25,"Subadult","Female",4.75,312.922393798828,NA,"negative",344857.976870707,7394479.67124121
"344",358,1.25,"Subadult","Male",4.5,312.922393798828,NA,"negative",344857.976870707,7394479.67124121
"345",359,1.25,"Subadult","Female",4,312.922393798828,NA,"negative",344857.976870707,7394479.67124121
"346",362,10.49,"Adult","Female",4.5,349.600311279297,4,"negative",340474.846787499,7401995.54711507
"347",363,1.75,"Subadult","Male",4.25,349.600311279297,NA,"negative",340474.846787499,7401995.54711507
"348",364,1.25,"Subadult","Male",4.5,349.600311279297,NA,"negative",340474.846787499,7401995.54711507
"349",365,1.75,"Subadult","Male",4,349.600311279297,6,"negative",340474.846787499,7401995.54711507
"350",366,3,"Subadult","Male",4.5,342.509368896484,NA,"negative",337665.223017445,7399452.94544867
"351",367,1.5,"Subadult","Female",4.25,342.509368896484,NA,"negative",337665.223017445,7399452.94544867
"352",368,2,"Subadult","Female",3.75,342.509368896484,NA,"negative",337665.223017445,7399452.94544867
"353",369,1.5,"Subadult","Female",3.75,342.509368896484,9,"negative",337665.223017445,7399452.94544867
"354",370,1.75,"Subadult","Female",3.5,342.509368896484,NA,"negative",337665.223017445,7399452.94544867
"355",371,1.5,"Subadult","Female",4.25,312.602294921875,NA,"negative",346429.998918834,7419462.42833062
"356",372,1.25,"Subadult","Female",4.75,312.602294921875,NA,"negative",346429.998918834,7419462.42833062
"357",373,1.75,"Subadult","Male",4.25,312.602294921875,NA,"negative",346429.998918834,7419462.42833062
"358",374,2,"Subadult","Female",4.75,312.602294921875,NA,"negative",346429.998918834,7419462.42833062
"359",375,1.25,"Subadult","Female",4.75,312.602294921875,NA,"negative",346429.998918834,7419462.42833062
"360",376,0.75,"Calf","Female",4.75,317.6015625,NA,"negative",345730.437013486,7419172.75361491
"361",377,1.5,"Subadult","Male",5,317.6015625,NA,"negative",345730.437013486,7419172.75361491
"362",378,0.75,"Calf","Female",4.5,317.6015625,NA,"negative",345730.437013486,7419172.75361491
"363",379,1.5,"Subadult","Male",4.5,317.6015625,NA,"negative",345730.437013486,7419172.75361491
"364",380,2,"Subadult","Male",4.5,317.6015625,NA,"negative",345730.437013486,7419172.75361491
"365",381,4.5,"Adult","Female",3.5,389.061309814453,NA,"negative",322947.218212682,7400539.71509269
"366",382,8.54,"Adult","Female",3.25,389.061309814453,NA,"negative",322947.218212682,7400539.71509269
"367",383,9.6,"Adult","Female",3.5,389.061309814453,NA,"negative",322947.218212682,7400539.71509269
"368",384,1.25,"Subadult","Female",3.5,389.061309814453,16078,"positive",322947.218212682,7400539.71509269
"369",385,1.75,"Subadult","Male",3.25,389.061309814453,4,"negative",322947.218212682,7400539.71509269
"370",386,2,"Subadult","Female",4,389.061309814453,NA,"negative",322947.218212682,7400539.71509269
"371",387,1.25,"Subadult","Female",3.75,389.061309814453,51,"positive",322947.218212682,7400539.71509269
"372",388,2,"Subadult","Male",3.75,389.061309814453,1,"negative",322917.991992372,7400591.4184475
"373",389,2,"Subadult","Female",3.25,389.061309814453,0,"negative",322917.991992372,7400591.4184475
"374",390,1.75,"Subadult","Male",3.5,389.061309814453,NA,"negative",322917.991992372,7400591.4184475
"375",391,1.5,"Subadult","Female",4,371.761566162109,3,"negative",325701.962264069,7401505.2675347
"376",392,1.25,"Subadult","Male",3.75,371.761566162109,NA,"negative",325701.962264069,7401505.2675347
"377",393,9.77,"Adult","Female",4.25,347.418853759766,2,"negative",341394.600480681,7401863.75696511
"378",394,1,"Calf","Male",4.25,347.418853759766,0,"negative",341394.600480681,7401863.75696511
"379",395,1.25,"Subadult","Female",4.25,347.418853759766,NA,"negative",341394.600480681,7401863.75696511
"380",396,1.25,"Subadult","Male",4.5,347.418853759766,NA,"negative",341394.600480681,7401863.75696511
"381",397,2,"Subadult","Male",4.75,416.870788574219,22,"negative",308967.573036954,7415878.07824714
"382",398,1.25,"Subadult","Male",3.5,416.870788574219,2,"negative",308967.573036954,7415878.07824714
"383",399,1.25,"Subadult","Male",3.75,416.870788574219,NA,"negative",308967.573036954,7415878.07824714
"384",400,1.5,"Subadult","Male",3.75,416.870788574219,NA,"negative",308967.573036954,7415878.07824714
"385",401,1.25,"Subadult","Female",3.5,416.870788574219,2,"negative",308974.88800948,7415865.98883499
"386",402,1.5,"Subadult","Female",4.25,416.870788574219,NA,"negative",308974.88800948,7415865.98883499
"387",403,1.75,"Subadult","Female",3.25,416.870788574219,NA,"negative",308974.88800948,7415865.98883499
"388",404,2,"Subadult","Female",3.5,416.870788574219,NA,"negative",308974.88800948,7415865.98883499
"389",405,1.5,"Subadult","Male",3,416.870788574219,NA,"negative",308974.88800948,7415865.98883499
"390",406,1.75,"Subadult","Female",3.5,416.870788574219,3,"negative",308974.88800948,7415865.98883499
"391",407,1.25,"Subadult","Female",3.75,339.857513427734,NA,"negative",342034.080914949,7419689.67032582
"392",408,1.75,"Subadult","Male",3.5,339.857513427734,0,"negative",342034.080914949,7419689.67032582
"393",409,1.5,"Subadult","Male",4,339.857513427734,2,"negative",342034.080914949,7419689.67032582
"394",410,1.75,"Subadult","Male",3.5,339.857513427734,0,"negative",342034.080914949,7419689.67032582
"395",411,1.5,"Subadult","Female",3.5,339.857513427734,NA,"negative",342034.080914949,7419689.67032582
"396",412,1,"Subadult","Male",3.5,335.436828613281,NA,"negative",342700.940994491,7418435.39740315
"397",413,1.5,"Calf","Female",3.5,335.436828613281,2,"negative",342700.940994491,7418435.39740315
"398",414,1.25,"Subadult","Female",3.5,335.436828613281,2,"negative",342700.940994491,7418435.39740315
"399",415,1,"Subadult","Female",4,335.436828613281,NA,"negative",342700.940994491,7418435.39740315
"400",416,1.5,"Calf","Female",3.75,335.436828613281,NA,"negative",342700.940994491,7418435.39740315
"401",417,2,"Subadult","Female",3.25,298.696472167969,NA,"negative",332895.90282388,7439062.12078078
"402",418,1.5,"Subadult","Female",3.5,298.696472167969,6,"negative",332895.90282388,7439062.12078078
"403",419,1.5,"Subadult","Male",3,298.696472167969,3,"negative",332895.90282388,7439062.12078078
"404",420,1.5,"Subadult","Female",4,298.696472167969,NA,"negative",332895.90282388,7439062.12078078
"405",421,1.75,"Subadult","Female",4,298.696472167969,NA,"negative",332895.90282388,7439062.12078078
"406",422,1.25,"Subadult","Male",3.75,288.706451416016,NA,"negative",332568.460898856,7442873.67886367
"407",423,1.75,"Subadult","Male",3.5,288.706451416016,NA,"negative",332568.460898856,7442873.67886367
"408",424,1.5,"Subadult","Male",3,288.706451416016,NA,"negative",332568.460898856,7442873.67886367
"409",425,1.5,"Subadult","Male",3.5,288.706451416016,NA,"negative",332568.460898856,7442873.67886367
"410",426,1.25,"Subadult","Male",3.25,288.706451416016,4,"negative",332568.460898856,7442873.67886367
"411",427,9.15,"Adult","Female",4,416.162750244141,NA,"negative",312974.459416133,7500998.63220869
"412",428,14.55,"Adult","Female",4,416.162750244141,NA,"negative",312974.459416133,7500998.63220869
"413",429,1.25,"Subadult","Male",4,416.162750244141,NA,"negative",312974.459416133,7500998.63220869
"414",430,1.25,"Subadult","Female",4.25,416.162750244141,21,"negative",312974.459416133,7500998.63220869
"415",431,1.25,"Subadult","Female",4.5,416.162750244141,NA,"negative",312974.459416133,7500998.63220869
"416",432,1.5,"Subadult","Male",4,426.157165527344,NA,"negative",313125.208013669,7500443.39793196
"417",433,1.25,"Subadult","Male",3.75,426.157165527344,9,"negative",313125.208013669,7500443.39793196
"418",434,1.25,"Subadult","Male",3.75,426.157165527344,NA,"negative",313125.208013669,7500443.39793196
"419",435,1.5,"Subadult","Male",3.25,426.157165527344,1,"negative",313125.208013669,7500443.39793196
"420",436,2.5,"Subadult","Female",3.75,426.157165527344,NA,"negative",313125.208013669,7500443.39793196
"421",437,3,"Subadult","Female",4.5,426.157165527344,NA,"negative",313096.94806275,7500568.20091646
"422",438,0.5,"Calf","Female",4,426.157165527344,NA,"negative",313096.94806275,7500568.20091646
"423",439,2.5,"Subadult","Female",4.25,426.157165527344,NA,"negative",313096.94806275,7500568.20091646
"424",440,1.5,"Subadult","Male",3.25,426.157165527344,3,"negative",313096.94806275,7500568.20091646
"425",441,1.5,"Subadult","Female",4.5,426.157165527344,1,"negative",313096.94806275,7500568.20091646
"426",442,1.25,"Subadult","Male",3,426.157165527344,NA,"negative",313096.94806275,7500568.20091646
"427",443,1.5,"Subadult","Male",3.5,426.157165527344,10,"negative",313096.94806275,7500568.20091646
"428",444,13.54,"Adult","Female",3.5,426.157165527344,2,"negative",313096.94806275,7500568.20091646
"429",445,13.94,"Adult","Female",3.25,376.81396484375,0,"negative",314512.595816794,7482082.32154736
"430",446,9.88,"Adult","Female",4,376.81396484375,6,"negative",314512.595816794,7482082.32154736
"431",447,16.21,"Adult","Female",4.25,376.81396484375,4,"negative",314512.595816794,7482082.32154736
"432",449,1.5,"Subadult","Male",3.5,376.81396484375,33,"positive",314512.595816794,7482082.32154736
"433",450,1.75,"Subadult","Female",4.5,376.81396484375,NA,"negative",314512.595816794,7482082.32154736
"434",451,1.5,"Subadult","Male",3.75,376.81396484375,5,"negative",314512.595816794,7482082.32154736
"435",452,13.02,"Adult","Female",3.75,376.81396484375,1,"negative",314512.595816794,7482082.32154736
"436",454,1.5,"Subadult","Female",3.75,376.81396484375,12,"negative",314512.595816794,7482082.32154736
"437",455,1.25,"Subadult","Female",3.25,376.81396484375,11,"negative",314512.595816794,7482082.32154736
"438",456,1.5,"Subadult","Female",4,376.81396484375,NA,"negative",314512.595816794,7482082.32154736
"439",457,15.08,"Adult","Female",3.75,376.81396484375,9,"negative",314560.215946152,7482136.0632952
"440",458,9.13,"Adult","Female",4,376.81396484375,7,"negative",314560.215946152,7482136.0632952
"441",459,13.58,"Adult","Female",3.75,376.81396484375,7,"negative",314560.215946152,7482136.0632952
"442",460,1.5,"Subadult","Male",3.75,376.81396484375,22,"negative",314560.215946152,7482136.0632952
"443",461,1.75,"Subadult","Female",3.5,376.81396484375,9,"negative",314560.215946152,7482136.0632952
"444",462,1,"Calf","Male",3.75,376.81396484375,26,"negative",314560.215946152,7482136.0632952
"445",463,7.5,"Adult","Female",4,376.81396484375,6,"negative",314757.293668862,7482315.66839315
"446",465,15.48,"Adult","Female",4.75,376.81396484375,9,"negative",314757.293668862,7482315.66839315
"447",466,1.5,"Subadult","Female",4,376.81396484375,3,"negative",314757.293668862,7482315.66839315
"448",467,1.75,"Subadult","Male",3.75,376.81396484375,3456,"positive",314757.293668862,7482315.66839315
"449",468,1.25,"Subadult","Male",3.5,376.81396484375,4,"negative",314757.293668862,7482315.66839315
"450",469,9.57,"Adult","Female",3.5,381.26220703125,12,"negative",320001.413405169,7478280.95759084
"451",470,10.36,"Adult","Female",4.25,381.26220703125,NA,"negative",320001.413405169,7478280.95759084
"452",471,12.54,"Adult","Female",4.75,381.26220703125,66,"positive",320001.413405169,7478280.95759084
"453",472,1,"Calf","Female",4.25,371.727081298828,4,"negative",318960.341701841,7476890.84859737
"454",473,1,"Calf","Female",3,371.727081298828,15,"negative",318960.341701841,7476890.84859737
"455",474,1,"Calf","Male",3.25,371.727081298828,116,"positive",318960.341701841,7476890.84859737
"456",475,1.5,"Subadult","Male",3.75,371.727081298828,12,"negative",318960.341701841,7476890.84859737
"457",476,1.25,"Subadult","Male",3.5,371.727081298828,5,"negative",318960.341701841,7476890.84859737
"458",477,1.5,"Subadult","Female",3.75,368.582946777344,99,"positive",318386.349573316,7475264.8186874
"459",478,1.25,"Subadult","Female",4,368.582946777344,2,"negative",318386.349573316,7475264.8186874
"460",479,1.5,"Subadult","Female",3.75,368.582946777344,863,"positive",318386.349573316,7475264.8186874
"461",480,1.25,"Subadult","Male",3.5,368.582946777344,23,"negative",318386.349573316,7475264.8186874
"462",481,1.5,"Subadult","Female",3.75,368.582946777344,2,"negative",318386.349573316,7475264.8186874
"463",482,1.75,"Subadult","Female",4.5,368.582946777344,2,"negative",318474.98752176,7475235.97799442
"464",483,1.5,"Subadult","Male",4,368.582946777344,9,"negative",318474.98752176,7475235.97799442
"465",484,1.75,"Subadult","Male",3.25,368.582946777344,4,"negative",318474.98752176,7475235.97799442
"466",485,1,"Calf","Male",3.25,334.937164306641,6,"negative",322691.366366786,7462730.31847505
"467",486,1.5,"Subadult","Female",4,334.937164306641,NA,"negative",322691.366366786,7462730.31847505
"468",487,1.75,"Subadult","Female",4.25,334.937164306641,0,"negative",322691.366366786,7462730.31847505
"469",488,2.5,"Subadult","Female",4,334.937164306641,9,"negative",322691.366366786,7462730.31847505
"470",489,1.5,"Subadult","Male",3.5,334.937164306641,2,"negative",322691.366366786,7462730.31847505
"471",490,1.25,"Subadult","Female",3.5,326.806457519531,6,"negative",322426.981250997,7460532.14573582
"472",491,1.25,"Subadult","Female",4,326.806457519531,6,"negative",322426.981250997,7460532.14573582
"473",492,1.5,"Subadult","Female",3.75,326.806457519531,6,"negative",322426.981250997,7460532.14573582
"474",493,1.5,"Subadult","Female",3.75,326.806457519531,2,"negative",322426.981250997,7460532.14573582
"475",494,1.5,"Subadult","Male",4,326.806457519531,2,"negative",322426.981250997,7460532.14573582
"476",495,1.5,"Subadult","Female",3.75,234.932479858398,15,"negative",321943.481953906,7515984.97499916
"477",496,1.5,"Subadult","Female",4,234.932479858398,7,"negative",321943.481953906,7515984.97499916
"478",497,1.5,"Subadult","Male",4.25,234.932479858398,29,"negative",321943.481953906,7515984.97499916
"479",498,2,"Subadult","Female",3.75,304.605010986328,17,"negative",344138.334226953,7446313.30279505
"480",499,2,"Subadult","Female",4,304.605010986328,240,"positive",344138.334226953,7446313.30279505
"481",500,3.5,"Subadult","Female",3.75,304.605010986328,NA,"negative",344138.334226953,7446313.30279505
"482",501,1.5,"Subadult","Female",4,304.605010986328,5,"negative",344138.334226953,7446313.30279505
"483",502,2,"Subadult","Male",4.5,304.605010986328,8,"negative",344138.334226953,7446313.30279505
"484",503,2.5,"Subadult","Female",4.25,294.707794189453,28,"negative",344273.707378747,7445178.42975055
"485",504,1.5,"Subadult","Female",4,294.707794189453,5,"negative",344273.707378747,7445178.42975055
"486",506,1.5,"Subadult","Female",4,294.707794189453,31,"positive",344509.094958557,7445240.76698441
"487",507,1.25,"Subadult","Female",4.25,294.707794189453,NA,"negative",344509.094958557,7445240.76698441
"488",508,1.25,"Subadult","Female",3.75,294.707794189453,6,"negative",344509.094958557,7445240.76698441
"489",509,1.5,"Subadult","Male",4,286.389495849609,1734,"positive",344021.354042223,7443973.2477196
"490",510,1.5,"Subadult","Male",3.75,286.389495849609,7,"negative",344021.354042223,7443973.2477196
"491",511,1.25,"Subadult","Male",4,286.389495849609,6,"negative",344021.354042223,7443973.2477196
"492",512,1.5,"Subadult","Male",3.25,311.951110839844,195,"positive",322343.847422349,7451256.9122063
"493",513,2.5,"Subadult","Male",3.5,311.951110839844,1,"negative",322343.847422349,7451256.9122063
"494",514,1.5,"Subadult","Female",3.75,311.951110839844,9,"negative",322343.847422349,7451256.9122063
"495",515,1.25,"Subadult","Female",3.25,311.951110839844,6,"negative",322343.847422349,7451256.9122063
"496",516,1.5,"Subadult","Female",3.25,311.951110839844,9,"negative",322343.847422349,7451256.9122063
"497",517,2,"Subadult","Male",3.25,311.951110839844,9,"negative",322343.847422349,7451256.9122063
"498",518,2.5,"Subadult","Female",4,311.951110839844,4,"negative",322343.847422349,7451256.9122063
"499",519,1.25,"Subadult","Female",3.25,311.951110839844,5,"negative",322343.847422349,7451256.9122063
"500",520,1.5,"Subadult","Female",3.25,311.951110839844,8,"negative",322343.847422349,7451256.9122063
"501",521,1.5,"Subadult","Female",3,320.985778808594,7,"negative",320075.104264311,7449411.30700998
"502",522,2.5,"Subadult","Female",4.25,320.985778808594,37,"positive",320075.104264311,7449411.30700998
"503",523,1.75,"Subadult","Male",4.25,320.985778808594,6,"negative",320075.104264311,7449411.30700998
"504",524,1.5,"Subadult","Female",3.75,320.985778808594,16,"negative",320075.104264311,7449411.30700998
"505",525,1.25,"Subadult","Male",3.75,320.985778808594,29,"negative",320075.104264311,7449411.30700998
"506",527,1.5,"Subadult","Female",3.75,342.097473144531,114,"positive",311823.880833137,7450361.05240735
"507",528,1.5,"Subadult","Female",3.5,342.097473144531,11,"negative",311823.880833137,7450361.05240735
"508",529,1.5,"Subadult","Female",3.75,342.097473144531,22,"negative",311823.880833137,7450361.05240735
"509",530,1.25,"Subadult","Female",3.75,382.23828125,5,"negative",313931.677555391,7507298.61437439
"510",531,3,"Subadult","Female",3.75,382.23828125,6,"negative",313931.677555391,7507298.61437439
"511",532,1.75,"Subadult","Male",3.25,382.23828125,5,"negative",313931.677555391,7507298.61437439
"512",533,1.5,"Subadult","Female",3.5,382.23828125,8,"negative",313931.677555391,7507298.61437439
"513",534,1.5,"Subadult","Female",3.5,382.23828125,15,"negative",313931.677555391,7507298.61437439
"514",535,3,"Subadult","Female",3.75,382.23828125,8,"negative",313931.677555391,7507298.61437439
"515",536,1.5,"Subadult","Female",4.25,382.23828125,NA,"negative",313931.677555391,7507298.61437439
"516",537,1.5,"Subadult","Female",4,382.23828125,9,"negative",313931.677555391,7507298.61437439
"517",538,1.75,"Subadult","Female",3.5,382.23828125,7,"negative",313931.677555391,7507298.61437439
"518",539,1.25,"Subadult","Male",3.75,382.23828125,11,"negative",313931.677555391,7507298.61437439
"519",540,1.5,"Subadult","Female",3.25,382.23828125,2,"negative",313931.677555391,7507298.61437439
"520",541,1.5,"Subadult","Male",4.25,382.23828125,7,"negative",313931.677555391,7507298.61437439
"521",542,1.5,"Subadult","Male",3,382.23828125,11,"negative",313931.677555391,7507298.61437439
"522",543,1.25,"Subadult","Female",3.75,399.749572753906,22,"negative",311173.407030558,7495434.54646332
"523",544,2.5,"Subadult","Female",4.25,399.749572753906,NA,"negative",311173.407030558,7495434.54646332
"524",545,3,"Subadult","Male",4,399.749572753906,53,"positive",311173.407030558,7495434.54646332
"525",547,1.5,"Subadult","Female",4,399.749572753906,NA,"negative",311173.407030558,7495434.54646332
"526",548,1.5,"Subadult","Male",4,399.749572753906,NA,"negative",311173.407030558,7495434.54646332
"527",549,1.5,"Subadult","Male",4,399.749572753906,129,"positive",311173.407030558,7495434.54646332
"528",550,1.5,"Subadult","Male",3.5,409.862060546875,NA,"negative",310588.06176751,7493639.76409226
"529",551,1.75,"Subadult","Male",3.75,409.862060546875,NA,"negative",310588.06176751,7493639.76409226
"530",552,1.25,"Subadult","Female",4,409.862060546875,1,"negative",310588.06176751,7493639.76409226
"531",553,1.5,"Subadult","Female",3.75,409.862060546875,10593,"positive",310588.06176751,7493639.76409226
"532",554,1.5,"Subadult","Male",3.5,409.862060546875,NA,"negative",310588.06176751,7493639.76409226
"533",555,1.25,"Subadult","Female",4.25,409.862060546875,3,"negative",310588.06176751,7493639.76409226
"534",556,1.5,"Subadult","Female",4,342.157775878906,NA,"negative",311607.572820775,7450526.68734612
"535",557,1.5,"Subadult","Male",4.25,342.157775878906,NA,"negative",311607.572820775,7450526.68734612
"536",558,1.75,"Subadult","Female",3.5,342.157775878906,NA,"negative",311607.572820775,7450526.68734612
"537",559,4.5,"Subadult","Female",3.75,354.443634033203,NA,"negative",307126.117702435,7499821.95159742
"538",560,11.61,"Adult","Female",4.25,354.443634033203,NA,"negative",307126.117702435,7499821.95159742
"539",562,1.5,"Subadult","Male",3.5,224.277954101562,2,"negative",315612.711077078,7524190.00393119
"540",563,5.5,"Subadult","Female",3.5,224.277954101562,NA,"negative",315612.711077078,7524190.00393119
"541",564,2,"Subadult","Male",3.5,224.277954101562,520,"positive",315612.711077078,7524190.00393119
"542",565,1.5,"Subadult","Female",4,224.277954101562,NA,"negative",315612.711077078,7524190.00393119
"543",566,1.5,"Subadult","Male",3,224.277954101562,NA,"negative",315612.711077078,7524190.00393119
"544",567,5.5,"Subadult","Female",3.25,224.277954101562,0,"negative",315612.711077078,7524190.00393119
"545",568,1.25,"Subadult","Female",3.5,224.277954101562,NA,"negative",315612.711077078,7524190.00393119
"546",569,1.5,"Subadult","Male",3.75,224.277954101562,NA,"negative",315612.711077078,7524190.00393119
"547",570,2,"Subadult","Female",3.5,224.277954101562,14,"negative",315612.711077078,7524190.00393119
"548",571,1.25,"Subadult","Female",3.75,214.90510559082,NA,"negative",318330.914402691,7524701.64463183
"549",572,1.25,"Subadult","Female",4,214.90510559082,2,"negative",318330.914402691,7524701.64463183
"550",573,1.75,"Subadult","Male",3.25,214.90510559082,1,"negative",318330.914402691,7524701.64463183
"551",574,1.5,"Subadult","Male",3.25,214.90510559082,5,"negative",318330.914402691,7524701.64463183
"552",575,1.5,"Subadult","Male",3.5,214.90510559082,NA,"negative",318330.914402691,7524701.64463183
"553",576,1.75,"Subadult","Male",3.5,214.90510559082,3,"negative",318330.914402691,7524701.64463183
"554",578,1.25,"Subadult","Female",3,232.970336914062,NA,"negative",306134.199892485,7526956.00883769
"555",579,2,"Subadult","Male",3.5,232.970336914062,NA,"negative",306134.199892485,7526956.00883769
"556",580,1.25,"Subadult","Female",3.25,232.970336914062,NA,"negative",306134.199892485,7526956.00883769
"557",581,1.25,"Subadult","Female",3.5,232.970336914062,10,"negative",306134.199892485,7526956.00883769
"558",582,1.25,"Subadult","Male",3.5,232.970336914062,NA,"negative",306134.199892485,7526956.00883769
"559",583,1.25,"Subadult","Male",2.75,232.970336914062,5,"negative",306134.199892485,7526956.00883769
"560",584,1.25,"Subadult","Male",3.25,232.970336914062,NA,"negative",306134.199892485,7526956.00883769
"561",585,1.5,"Subadult","Female",3.5,232.970336914062,NA,"negative",306134.199892485,7526956.00883769
"562",586,1.5,"Subadult","Female",3,232.970336914062,813,"positive",306134.199892485,7526956.00883769
"563",587,1.5,"Subadult","Male",3.25,229.217407226562,NA,"negative",306087.654646564,7527382.92517308
"564",588,1.5,"Subadult","Male",3.25,229.217407226562,NA,"negative",306087.654646564,7527382.92517308
"565",589,2.5,"Subadult","Male",3.5,229.217407226562,NA,"negative",306087.654646564,7527382.92517308
"566",590,1.75,"Subadult","Female",3,229.217407226562,1,"negative",306087.654646564,7527382.92517308
"567",591,1.25,"Subadult","Male",3.5,435.039184570312,NA,"negative",298821.100054033,7487296.7601536
"568",592,1.25,"Subadult","Female",3.25,435.039184570312,NA,"negative",298821.100054033,7487296.7601536
"569",593,2,"Subadult","Female",3.75,435.039184570312,NA,"negative",298821.100054033,7487296.7601536
"570",594,1.5,"Subadult","Female",3,435.039184570312,NA,"negative",298821.100054033,7487296.7601536
"571",595,1.5,"Subadult","Male",3.5,435.039184570312,4,"negative",298816.975759035,7487297.81330865
"572",596,1.5,"Subadult","Male",3.5,435.039184570312,6,"negative",298816.975759035,7487297.81330865
"573",597,2.75,"Subadult","Female",3.75,435.039184570312,NA,"negative",298816.975759035,7487297.81330865
"574",598,1.25,"Subadult","Male",3.5,435.039184570312,NA,"negative",298816.975759035,7487297.81330865
"575",599,1.5,"Subadult","Female",4,435.039184570312,NA,"negative",298816.975759035,7487297.81330865
"576",600,1.5,"Subadult","Male",3.75,473.726409912109,5,"negative",297843.557708441,7486157.37913517
"577",601,1.5,"Subadult","Male",3.5,473.726409912109,NA,"negative",297843.557708441,7486157.37913517
"578",602,1.5,"Subadult","Male",3.5,473.726409912109,7,"negative",297843.557708441,7486157.37913517
"579",603,1.75,"Subadult","Male",3.75,473.726409912109,8,"negative",297843.557708441,7486157.37913517
